{
   "description": "This file is generated by qmake to be read by androiddeployqt and should not be modified by hand.",
   "qt": "D:/Qt/5.14.1/android",
   "sdk": "D:/Androidsdk",
   "sdkBuildToolsRevision": "29.0.3",
   "ndk": "D:\\Androidsdk\\ndk\\21.0.6113669",
   "toolchain-prefix": "llvm",
   "tool-prefix": "llvm",
   "ndk-host": "windows-x86_64",
   "architectures": {"x86":"i686-linux-android"},
   "android-package-source-directory": "C:/Dev/Projects/lastTryQt/QtAV/examples/QMLPlayer/android",
   "qml-root-path": "C:/Dev/Projects/lastTryQt/QtAV/examples/QMLPlayer",
   "stdcpp-path": "D:\\Androidsdk\\ndk\\21.0.6113669/toolchains/llvm/prebuilt/windows-x86_64/sysroot/usr/lib/",
   "qrcFiles": "C:/Dev/Projects/lastTryQt/build-QtAV-Android_for_armeabi_v7a_arm64_v8a_x86_x86_64_Clang_Qt_5_14_1_for_Android-Release/examples/QMLPlayer/qmlplayer_qmlcache.qrc,C:/Dev/Projects/lastTryQt/QtAV/examples/QMLPlayer/qmlplayer.qrc",
   "application-binary": "QMLPlayer"
}
